Software,Version,Licenses,Url,Comments
1to2,1.0.0,MIT,git://github.com/nodejs/nan.git,
JSONStream,1.0.6,package.json:(MIT OR Apache-2.0) & LICENSE.APACHE2:Apache-2.0-appendix & LICENSE.MIT:MIT,git://github.com/dominictarr/JSONStream.git,
a,1.0.0,undefined,,
abbrev,1.0.7,ISC,git+ssh://git@github.com/isaacs/abbrev-js.git,
accepts,1.2.13,MIT,git+https://github.com/jshttp/accepts.git,
accord,0.15.2,MIT,git+https://github.com/jenius/accord.git,
acorn,1.2.2,MIT,git+https://github.com/marijnh/acorn.git,
aggregate-example,0.0.0,BSD,,
align-text,0.1.3,MIT,git://github.com/jonschlinkert/align-text.git,
alter,0.2.0,MIT,git+https://github.com/olov/alter.git,
amdefine,1.0.0,package.json:BSD-3-Clause AND MIT & LICENSE:undefined,git+https://github.com/jrburke/amdefine.git,
animate.css,3.2.5,undefined,git+https://github.com/daneden/animate.css.git,
ansi,0.3.0,undefined,git://github.com/TooTallNate/ansi.js.git,
ansi-green,0.1.1,MIT,git+https://github.com/jonschlinkert/ansi-green.git,
ansi-regex,0.2.1,MIT,git://github.com/sindresorhus/ansi-regex.git,
ansi-regex,1.1.1,MIT,git+https://github.com/sindresorhus/ansi-regex.git,
ansi-regex,2.0.0,MIT,git+https://github.com/sindresorhus/ansi-regex.git,
ansi-styles,1.1.0,MIT,git://github.com/sindresorhus/ansi-styles.git,
ansi-styles,2.1.0,MIT,git+https://github.com/chalk/ansi-styles.git,
ansi-wrap,0.1.0,MIT,git+https://github.com/jonschlinkert/ansi-wrap.git,
ansicolors,0.2.1,MIT,git://github.com/thlorenz/ansicolors.git,
anymatch,1.3.0,ISC,git+https://github.com/es128/anymatch.git,
app6,0.0.0,undefined,,
append-field,0.1.0,MIT,git+ssh://git@github.com/LinusU/node-append-field.git,
archiver,0.14.4,MIT,git+https://github.com/archiverjs/node-archiver.git,
archy,1.0.0,MIT,git+ssh://git@github.com/substack/node-archy.git,
are-we-there-yet,1.0.4,ISC,git+https://github.com/iarna/are-we-there-yet.git,
argparse,1.0.2,MIT,git://github.com/nodeca/argparse.git,
arr-diff,1.1.0,MIT,git+https://github.com/jonschlinkert/arr-diff.git,
arr-flatten,1.0.1,MIT,git://github.com/jonschlinkert/arr-flatten.git,
array-differ,1.0.0,MIT,git://github.com/sindresorhus/array-differ.git,
array-filter,0.0.1,MIT,git://github.com/juliangruber/array-filter.git,
array-flatten,1.1.1,MIT,git://github.com/blakeembrey/array-flatten.git,
array-index,0.1.1,undefined,git://github.com/TooTallNate/array-index.git,
array-map,0.0.0,MIT,git://github.com/substack/array-map.git,
array-reduce,0.0.0,MIT,git://github.com/substack/array-reduce.git,
array-slice,0.2.3,MIT,git://github.com/jonschlinkert/array-slice.git,
array-union,1.0.1,MIT,git+https://github.com/sindresorhus/array-union.git,
array-uniq,1.0.2,MIT,git+https://github.com/sindresorhus/array-uniq.git,
array-unique,0.2.1,MIT,git://github.com/jonschlinkert/array-unique.git,
arrify,1.0.0,MIT,git+https://github.com/sindresorhus/arrify.git,
asap,1.0.0,MIT,,
asn1,0.1.11,MIT,git://github.com/mcavage/node-asn1.git,
asn1.js,2.2.1,MIT,git+ssh://git@github.com/indutny/asn1.js.git,
asn1.js-rfc2560,2.1.0,MIT,git@github.com:indutny/asn1.js,
asn1.js-rfc3280,2.1.0,MIT,git@github.com:indutny/asn1.js,
assert,1.3.0,MIT,git://github.com/defunctzombie/commonjs-assert.git,
assert-plus,0.1.5,undefined,git+https://github.com/mcavage/node-assert-plus.git,
ast-traverse,0.1.1,MIT,git+https://github.com/olov/ast-traverse.git,
ast-types,0.8.11,MIT,git://github.com/benjamn/ast-types.git,
ast-types,0.8.5,MIT,git://github.com/benjamn/ast-types.git,
astw,2.0.0,MIT,git://github.com/substack/astw.git,
async,0.2.10,MIT,git+https://github.com/caolan/async.git,
async,0.2.9,MIT,git+https://github.com/caolan/async.git,
async,0.9.0,MIT,git+https://github.com/caolan/async.git,
async,0.9.2,MIT,git+https://github.com/caolan/async.git,
async,1.4.2,MIT,git+https://github.com/caolan/async.git,
async-each,0.1.6,MIT,git://github.com/paulmillr/async-each.git,
aws-sdk,2.2.3,Apache-2.0,git://github.com/aws/aws-sdk-js.git,
aws-sign2,0.5.0,Apache-2.0,git+https://github.com/mikeal/aws-sign.git,
b,1.0.0,undefined,,
babel-core,5.8.24,MIT,git+https://github.com/babel/babel.git,
babel-jscs,2.0.4,MIT,git+https://github.com/jscs-dev/babel-jscs.git,
babel-plugin-constant-folding,1.0.1,MIT,git+https://github.com/babel-plugins/babel-plugin-constant-folding.git,
babel-plugin-dead-code-elimination,1.0.2,MIT,git+https://github.com/babel-plugins/babel-plugin-dead-code-elimination.git,
babel-plugin-eval,1.0.1,MIT,git+https://github.com/babel-plugins/babel-plugin-eval.git,
babel-plugin-inline-environment-variables,1.0.1,MIT,git+https://github.com/babel-plugins/babel-plugin-inline-environment-variables.git,
babel-plugin-jscript,1.0.4,MIT,git+https://github.com/babel-plugins/babel-plugin-jscript.git,
babel-plugin-member-expression-literals,1.0.1,MIT,git+https://github.com/babel-plugins/babel-plugin-member-expression-literals.git,
babel-plugin-property-literals,1.0.1,MIT,git+https://github.com/babel-plugins/babel-plugin-property-literals.git,
babel-plugin-proto-to-assign,1.0.4,MIT,git+https://github.com/babel-plugins/babel-plugin-proto-to-assign.git,
babel-plugin-react-constant-elements,1.0.3,MIT,git+https://github.com/babel-plugins/babel-plugin-react-constant-elements.git,
babel-plugin-react-display-name,1.0.3,MIT,git+https://github.com/babel-plugins/babel-plugin-react-display-name.git,
babel-plugin-remove-console,1.0.1,MIT,git+https://github.com/babel-plugins/babel-plugin-remove-console.git,
babel-plugin-remove-debugger,1.0.1,MIT,git+https://github.com/babel-plugins/babel-plugin-remove-debugger.git,
babel-plugin-runtime,1.0.7,MIT,git+https://github.com/babel-plugins/babel-plugin-runtime.git,
babel-plugin-undeclared-variables-check,1.0.2,MIT,git+https://github.com/babel-plugins/babel-plugin-undeclared-variables-check.git,
babel-plugin-undefined-to-void,1.1.6,MIT,git+https://github.com/babel-plugins/babel-plugin-undefined-to-void.git,
babylon,5.8.23,MIT,git+https://github.com/babel/babel.git,
balanced-match,0.2.0,MIT,git://github.com/juliangruber/balanced-match.git,
base64-js,0.0.8,MIT,git://github.com/beatgammit/base64-js.git,
base64-url,1.2.1,ISC,git://github.com/joaquimserafim/base64-url.git,
base64url,0.0.6,MIT,git://github.com/brianloveswords/base64url.git,
base64url,1.0.4,MIT,git://github.com/brianloveswords/base64url.git,
basic-auth,1.0.3,MIT,git+https://github.com/jshttp/basic-auth.git,
bcrypt,0.8.5,MIT,git+https://github.com/ncb000gt/node.bcrypt.js.git,
beeper,1.1.0,MIT,git+https://github.com/sindresorhus/beeper.git,
benchmark-uuid,,undefined,,
binary,0.3.0,MIT,git://github.com/substack/node-binary.git,
binary-extensions,1.3.1,MIT,git+https://github.com/sindresorhus/binary-extensions.git,
binaryextensions,1.0.0,MIT,git+ssh://git@github.com/bevry/binaryextensions.git,
bindings,1.2.1,MIT,git://github.com/TooTallNate/node-bindings.git,
bl,0.9.4,MIT,git+https://github.com/rvagg/bl.git,
bl,1.0.0,MIT,git+https://github.com/rvagg/bl.git,
block-stream,0.0.8,ISC,git://github.com/isaacs/block-stream.git,
bluebird,2.10.0,MIT,git://github.com/petkaantonov/bluebird.git,
bluebird,2.9.26,MIT,git://github.com/petkaantonov/bluebird.git,
bn.js,2.2.0,MIT,git+ssh://git@github.com/indutny/bn.js.git,
body-parser,1.13.3,MIT,git+https://github.com/expressjs/body-parser.git,
boom,0.4.2,BSD,git://github.com/spumko/boom.git,
boom,2.8.0,BSD-3-Clause,git://github.com/hapijs/boom.git,
bootstrap,3.3.5,MIT,git+https://github.com/twbs/bootstrap.git,
bower,1.5.2,MIT,git+https://github.com/bower/bower.git,
bower-config,0.6.1,MIT,git://github.com/bower/config.git,
bower-endpoint-parser,0.2.2,MIT,git://github.com/bower/endpoint-parser.git,
bower-json,0.4.0,MIT,git://github.com/bower/json.git,
bower-logger,0.2.2,MIT,git://github.com/bower/logger.git,
bower-registry-client,0.3.0,MIT,git+https://github.com/bower/registry-client.git,
brace-expansion,1.1.0,MIT,git://github.com/juliangruber/brace-expansion.git,
braces,1.8.1,MIT,git+https://github.com/jonschlinkert/braces.git,
breakable,1.0.0,MIT,git+https://github.com/olov/breakable.git,
broadway,0.3.6,MIT,git+ssh://git@github.com/flatiron/broadway.git,
brorand,1.0.5,MIT,git+ssh://git@github.com/indutny/brorand.git,
browser-pack,5.0.1,MIT,git://github.com/substack/browser-pack.git,
browser-resolve,1.9.1,MIT,git://github.com/shtylman/node-browser-resolve.git,
browserify,11.0.1,package.json:MIT & LICENSE:undefined,git+ssh://git@github.com/substack/node-browserify.git,
browserify-aes,1.0.3,MIT,git://github.com/crypto-browserify/browserify-aes.git,
browserify-rsa,2.0.1,MIT,git+ssh://git@github.com/calvinmetcalf/browserify-rsa.git,
browserify-sign,3.0.8,ISC,git://github.com/crypto-browserify/browserify-sign.git,
browserify-zlib,0.1.4,MIT,git://github.com/devongovett/browserify-zlib.git,
bson,,Apache License  Version 2.0,,
bson,0.4.12,Apache-2.0,git://github.com/mongodb/js-bson.git,
bson-ext,0.1.12,package.json:Apache License  Version 2.0 & LICENSE:Apache-2.0,git://github.com/christkv/bson-ext.git,
buffer,3.5.0,MIT,git://github.com/feross/buffer.git,
buffer-crc32,0.2.5,MIT,git://github.com/brianloveswords/buffer-crc32.git,
buffer-equal-constant-time,1.0.1,BSD-3-Clause,git+ssh://git@github.com/goinstant/buffer-equal-constant-time.git,
buffer-xor,1.0.2,MIT,git+https://github.com/crypto-browserify/buffer-xor.git,
buffers,0.1.1,undefined,git://github.com/substack/node-buffers.git,
bufferstreams,1.0.1,MIT,git://github.com/nfroidure/BufferStreams.git,
bufferstreams,1.0.2,MIT,git://github.com/nfroidure/BufferStreams.git,
bufferutil,1.2.1,MIT,git+https://github.com/websockets/bufferutil.git,
builtin-status-codes,1.0.0,MIT,git+https://github.com/bendrucker/builtin-status-codes.git,
builtins,0.0.7,MIT,git://github.com/juliangruber/builtins.git,
busboy,0.2.11,MIT,git+ssh://git@github.com/mscdex/busboy.git,
bytes,0.3.0,undefined,git+https://github.com/visionmedia/bytes.js.git,
bytes,2.1.0,MIT,git+https://github.com/visionmedia/bytes.js.git,
caller,0.0.1,MIT,git://github.com/totherik/caller.git,
camelcase,1.2.1,MIT,git+https://github.com/sindresorhus/camelcase.git,
camelcase-keys,1.0.0,MIT,git+https://github.com/sindresorhus/camelcase-keys.git,
cardinal,0.4.4,MIT,git://github.com/thlorenz/cardinal.git,
cardinal,0.5.0,MIT,git://github.com/thlorenz/cardinal.git,
caseless,0.10.0,BSD,git+https://github.com/mikeal/caseless.git,
caseless,0.11.0,Apache-2.0,git+https://github.com/mikeal/caseless.git,
caseless,0.8.0,BSD,git+https://github.com/mikeal/caseless.git,
caseless,0.9.0,BSD,git+https://github.com/mikeal/caseless.git,
center-align,0.1.1,MIT,git://github.com/jonschlinkert/center-align.git,
chainsaw,0.1.0,MIT/X11,git://github.com/substack/node-chainsaw.git,
chalk,0.5.1,MIT,git://github.com/sindresorhus/chalk.git,
chalk,1.1.1,MIT,git+https://github.com/chalk/chalk.git,
chance,0.7.7,MIT,git+https://github.com/victorquinn/chancejs.git,
chance-test,0.0.1,undefined,,
chmodr,0.1.0,BSD,git://github.com/isaacs/chmodr.git,
chokidar,1.0.6,MIT,git+https://github.com/paulmillr/chokidar.git,
clean-css,3.4.3,MIT,https://github.com/jakubpawlowicz/clean-css.git,
cli,0.0.0,undefined,,
cli,0.6.6,MIT,git+ssh://git@github.com/chriso/cli.git,
cli-color,0.3.3,MIT,git://github.com/medikoo/cli-color.git,
cli-table,0.3.1,undefined,git+https://github.com/Automattic/cli-table.git,
cli-usage,0.1.2,MIT,,
cli-width,1.0.1,ISC,git+ssh://git@github.com/knownasilya/cli-width.git,
cliff,0.1.10,MIT,git+ssh://git@github.com/flatiron/cliff.git,
cliff,0.1.9,MIT,git+ssh://git@github.com/flatiron/cliff.git,
cliui,2.1.0,ISC,git+ssh://git@github.com/bcoe/cliui.git,
clone,0.1.19,MIT,git://github.com/pvorb/node-clone.git,
clone,0.2.0,MIT,git://github.com/pvorb/node-clone.git,
clone,1.0.2,MIT,git://github.com/pvorb/node-clone.git,
clone-stats,0.0.1,MIT,git://github.com/hughsk/clone-stats.git,
collections,1.2.4,package.json:MIT & LICENSE.md:BSD-3,git+ssh://git@github.com/montagejs/collections.git,
colors,0.6.2,MIT,git+ssh://git@github.com/Marak/colors.js.git,
colors,1.0.3,MIT,git+ssh://git@github.com/Marak/colors.js.git,
colors,1.1.2,MIT,git+ssh://git@github.com/Marak/colors.js.git,
combine-source-map,0.6.1,MIT,git://github.com/thlorenz/combine-source-map.git,
combined-stream,0.0.7,MIT,git://github.com/felixge/node-combined-stream.git,
combined-stream,1.0.5,MIT,git://github.com/felixge/node-combined-stream.git,
commander,0.6.1,undefined,git://github.com/visionmedia/commander.js.git,
commander,2.3.0,undefined,git+https://github.com/visionmedia/commander.js.git,
commander,2.5.1,MIT,git+https://github.com/tj/commander.js.git,
commander,2.8.1,MIT,git+https://github.com/tj/commander.js.git,
comment-parser,0.3.0,MIT,git+ssh://git@github.com/yavorskiy/comment-parser.git,
commondir,0.0.1,MIT/X11,git://github.com/substack/node-commondir.git,
commoner,0.10.3,MIT,git://github.com/reactjs/commoner.git,
compress-commons,0.2.9,MIT,git+https://github.com/archiverjs/node-compress-commons.git,
compressible,2.0.5,MIT,git+https://github.com/jshttp/compressible.git,
compression,1.5.2,MIT,git+https://github.com/expressjs/compression.git,
concat-map,0.0.1,MIT,git://github.com/substack/node-concat-map.git,
concat-stream,1.4.10,MIT,git+ssh://git@github.com/maxogden/concat-stream.git,
concat-stream,1.5.0,MIT,git+ssh://git@github.com/maxogden/concat-stream.git,
concat-with-sourcemaps,1.0.2,ISC,git://github.com/floridoo/concat-with-sourcemaps.git,
config-chain,1.1.9,MIT,git+https://github.com/dominictarr/config-chain.git,
configstore,0.3.2,BSD,git+https://github.com/yeoman/configstore.git,
connection-sharing,0.0.0,BSD,,
console-browserify,1.1.0,MIT,git://github.com/Raynos/console-browserify.git,
constants-browserify,0.0.1,MIT,git://github.com/juliangruber/constants-browserify.git,
content-disposition,0.5.0,MIT,git+https://github.com/jshttp/content-disposition.git,
content-type,1.0.1,MIT,git+https://github.com/jshttp/content-type.git,
convert-source-map,0.4.1,MIT,git://github.com/thlorenz/convert-source-map.git,
convert-source-map,1.1.1,MIT,git://github.com/thlorenz/convert-source-map.git,
cookie,0.1.3,MIT,git+https://github.com/jshttp/cookie.git,
cookie,0.1.3,MIT,https://github.com/jshttp/cookie,
cookie-parser,1.3.5,MIT,git+https://github.com/expressjs/cookie-parser.git,
cookie-session,1.2.0,MIT,git+https://github.com/expressjs/cookie-session.git,
cookie-signature,1.0.6,MIT,git+https://github.com/visionmedia/node-cookie-signature.git,
cookies,0.5.0,MIT,git://github.com/expressjs/cookies,
core-js,1.1.4,MIT,git+https://github.com/zloirock/core-js.git,
core-util-is,1.0.1,MIT,git://github.com/isaacs/core-util-is.git,
crc32-stream,0.3.4,MIT,git+https://github.com/archiverjs/node-crc32-stream.git,
create-ecdh,2.0.1,MIT,git+https://github.com/crypto-browserify/createECDH.git,
create-hash,1.1.1,MIT,git+ssh://git@github.com/crypto-browserify/createHash.git,
create-hmac,1.1.3,MIT,git+https://github.com/crypto-browserify/createHmac.git,
cryptiles,0.2.2,BSD,git://github.com/hueniverse/cryptiles.git,
cryptiles,2.0.5,BSD-3-Clause,git://github.com/hapijs/cryptiles.git,
crypto-browserify,3.9.14,MIT,git://github.com/crypto-browserify/crypto-browserify.git,
ctype,0.5.3,MIT,git+https://github.com/rmustacc/node-ctype.git,
cycle,1.0.3,undefined,git+ssh://git@github.com/dscape/cycle.git,
d,0.1.1,MIT,git://github.com/medikoo/d.git,
date-now,0.1.4,MIT,git://github.com/Colingo/date-now.git,
dateformat,1.0.11,MIT,git+https://github.com/felixge/node-dateformat.git,
deap,1.0.0,MIT,git://github.com/selfcontained/deap.git,
debug,0.7.4,undefined,git://github.com/visionmedia/debug.git,
debug,2.0.0,undefined,git://github.com/visionmedia/debug.git,
debug,2.2.0,MIT,git://github.com/visionmedia/debug.git,
decamelize,1.0.0,MIT,git+https://github.com/sindresorhus/decamelize.git,
decompress-zip,0.1.0,MIT,git+https://github.com/bower/decompress-zip.git,
deep,1.2.3,undefined,,
deep-equal,0.1.2,MIT,git+ssh://git@github.com/substack/node-deep-equal.git,
deep-equal,1.0.1,MIT,git+ssh://git@github.com/substack/node-deep-equal.git,
deep-extend,0.2.11,MIT,git://github.com/unclechu/node-deep-extend.git,
deep-is,0.1.3,MIT,git+ssh://git@github.com/thlorenz/deep-is.git,
deep-sort-object,0.1.1,MIT,git://github.com/IndigoUnited/node-deep-sort-object.git,
deepmerge,0.2.10,MIT,git://github.com/nrf110/deepmerge.git,
defaults,1.0.2,MIT,git://github.com/tmpvar/defaults.git,
defined,0.0.0,MIT,git://github.com/substack/defined.git,
defined,1.0.0,MIT,git://github.com/substack/defined.git,
defs,1.1.0,MIT,git+https://github.com/olov/defs.git,
del,2.0.2,MIT,https://github.com/sindresorhus/del,
delayed-stream,0.0.5,MIT,git://github.com/felixge/node-delayed-stream.git,
delayed-stream,1.0.0,MIT,git://github.com/felixge/node-delayed-stream.git,
delegates,0.1.0,MIT,git://github.com/visionmedia/node-delegates.git,
depd,1.0.1,MIT,git+https://github.com/dougwilson/nodejs-depd.git,
deprecated,0.0.1,MIT,git://github.com/wearefractal/deprecated.git,
deps-sort,1.3.9,MIT,git://github.com/substack/deps-sort.git,
destroy,1.0.3,MIT,git+https://github.com/stream-utils/destroy.git,
detect-indent,2.0.0,MIT,git+https://github.com/sindresorhus/detect-indent.git,
detect-indent,3.0.1,MIT,git+https://github.com/sindresorhus/detect-indent.git,
detective,4.2.0,MIT,git://github.com/substack/node-detective.git,
dev-null,0.1.1,MIT,git://github.com/thlorenz/dev-null.git,
dicer,0.2.3,MIT,git+ssh://git@github.com/mscdex/dicer.git,
diff,1.4.0,BSD,git://github.com/kpdecker/jsdiff.git,
diffie-hellman,3.0.2,MIT,git+https://github.com/crypto-browserify/diffie-hellman.git,
director,1.2.7,MIT,git+ssh://git@github.com/flatiron/director.git,
diskspace,0.1.7,BSD-2,git+https://github.com/keverw/diskspace.js.git,
dist,undefined,undefined,undefined,
doctrine,0.6.4,package.json:BSD & LICENSE.closure-compiler:Apache-2.0,git+ssh://git@github.com/Constellation/doctrine.git,
dom-serializer,0.1.0,MIT,git://github.com/cheeriojs/dom-renderer.git,
domain-browser,1.1.4,MIT,git+ssh://git@github.com/bevry/domain-browser.git,
domelementtype,1.1.3,BSD-2,git://github.com/FB55/domelementtype.git,
domelementtype,1.3.0,BSD-2,git://github.com/FB55/domelementtype.git,
domhandler,2.3.0,BSD-2,git://github.com/fb55/DomHandler.git,
domutils,1.5.1,BSD-2,git://github.com/FB55/domutils.git,
dot,1.0.3,MIT,git://github.com/olado/doT.git,
dot-express-example,0.0.1,undefined,,
dotenv,1.2.0,BSD-2-Clause,git://github.com/motdotla/dotenv.git,
duplexer,0.1.1,MIT,git://github.com/Raynos/duplexer.git,
duplexer2,0.0.2,BSD,git://github.com/deoxxa/duplexer2.git,
duplexify,3.4.2,MIT,git://github.com/mafintosh/duplexify.git,
ecdsa-sig-formatter,1.0.2,Apache-2.0,git+ssh://git@github.com/Brightspace/node-ecdsa-sig-formatter.git,
ee-first,1.1.1,MIT,git+https://github.com/jonathanong/ee-first.git,
elliptic,3.1.0,MIT,git+ssh://git@github.com/indutny/elliptic.git,
end-of-stream,0.1.5,MIT,git://github.com/mafintosh/end-of-stream.git,
end-of-stream,1.0.0,MIT,git://github.com/mafintosh/end-of-stream.git,
end-of-stream,1.1.0,MIT,git://github.com/mafintosh/end-of-stream.git,
entities,1.0.0,package.json:BSD-like & LICENSE:BSD-2,git://github.com/fb55/node-entities.git,
entities,1.1.1,package.json:BSD-like & LICENSE:BSD-2,git://github.com/fb55/node-entities.git,
errno,0.1.4,MIT,git+https://github.com/rvagg/node-errno.git,
es5-ext,0.10.7,MIT,git://github.com/medikoo/es5-ext.git,
es6-iterator,0.1.3,MIT,git://github.com/medikoo/es6-iterator.git,
es6-map,0.1.1,MIT,git://github.com/medikoo/es6-map.git,
es6-promise,2.1.1,MIT,git://github.com/jakearchibald/ES6-Promises.git,
es6-set,0.1.1,MIT,git://github.com/medikoo/es6-set.git,
es6-symbol,0.1.1,MIT,git://github.com/medikoo/es6-symbol.git,
es6-symbol,2.0.1,MIT,git://github.com/medikoo/es6-symbol.git,
es6-weak-map,0.1.4,MIT,git://github.com/medikoo/es6-weak-map.git,
escape-html,1.0.2,MIT,git+https://github.com/component/escape-html.git,
escape-string-regexp,1.0.2,MIT,git+https://github.com/sindresorhus/escape-string-regexp.git,
escape-string-regexp,1.0.3,MIT,git+https://github.com/sindresorhus/escape-string-regexp.git,
escodegen,1.7.0,package.json:BSD-2-Clause & LICENSE.source-map:BSD-3,git+ssh://git@github.com/estools/escodegen.git,
escope,3.2.0,BSD-2-Clause,git+https://github.com/estools/escope.git,
eslint,1.5.0,MIT,https://github.com/eslint/eslint,
espree,2.2.5,BSD,http://github.com/eslint/espree.git,
esprima,1.0.4,BSD,git+ssh://git@github.com/ariya/esprima.git,
esprima,1.2.5,BSD,git+ssh://git@github.com/ariya/esprima.git,
esprima,2.2.0,BSD,git+https://github.com/jquery/esprima.git,
esprima,2.5.0,BSD-2-Clause,git+https://github.com/jquery/esprima.git,
esprima-fb,12001.1.0-dev-harmony-fb,BSD,git+ssh://git@github.com/facebook/esprima.git,
esprima-fb,15001.1.0-dev-harmony-fb,BSD,git+ssh://git@github.com/facebook/esprima.git,
esprima-fb,15001.1001.0-dev-harmony-fb,BSD,git+ssh://git@github.com/facebook/esprima.git,
esprima-fb,8001.1001.0-dev-harmony-fb,BSD,git+ssh://git@github.com/facebook/esprima.git,
esrecurse,3.1.1,BSD,git+ssh://git@github.com/estools/esrecurse.git,
estraverse,1.9.3,BSD,git+ssh://git@github.com/estools/estraverse.git,
estraverse,3.1.0,BSD,git+ssh://git@github.com/estools/estraverse.git,
estraverse,4.1.0,BSD,git+ssh://git@github.com/estools/estraverse.git,
estraverse-fb,1.3.1,MIT,git+https://github.com/RReverser/estraverse-fb.git,
esutils,1.1.6,BSD,git+ssh://git@github.com/Constellation/esutils.git,
esutils,2.0.2,BSD,git+ssh://git@github.com/estools/esutils.git,
etag,1.7.0,MIT,git+https://github.com/jshttp/etag.git,
event-emitter,0.3.3,MIT,git://github.com/medikoo/event-emitter.git,
event-stream,0.5.3,undefined,git://github.com/dominictarr/event-stream.git,
event-stream,3.3.1,undefined,git://github.com/dominictarr/event-stream.git,
event-stream_tests/,0.0.0,undefined,https://github.com/dominictarr/event-stream_tests/.git,
eventemitter2,0.4.14,MIT,git://github.com/hij1nx/EventEmitter2.git,
events,1.0.2,MIT,git://github.com/Gozala/events.git,
exit,0.1.2,MIT,git://github.com/cowboy/node-exit.git,
expand-brackets,0.1.4,MIT,git+https://github.com/jonschlinkert/expand-brackets.git,
expand-range,1.8.1,MIT,git://github.com/jonschlinkert/expand-range.git,
express,4.13.3,MIT,git+https://github.com/strongloop/express.git,
extend,2.0.1,MIT,git+https://github.com/justmoon/node-extend.git,
extend,3.0.0,MIT,git+https://github.com/justmoon/node-extend.git,
extglob,0.3.1,MIT,git://github.com/jonschlinkert/extglob.git,
eyes,0.1.8,MIT,,
fast-levenshtein,1.0.7,MIT,git+https://github.com/hiddentao/fast-levenshtein.git,
fast-stats,0.0.3,Apache-2.0-appendix,git://github.com/bluesmoon/node-faststats.git,
figures,1.4.0,MIT,git+https://github.com/sindresorhus/figures.git,
file-entry-cache,1.2.3,MIT,git+https://github.com/royriojas/file-entry-cache.git,
filename-regex,2.0.0,MIT,git://github.com/regexps/filename-regex.git,
fileset,0.2.1,MIT,git://github.com/mklabs/node-fileset.git,
fill-range,2.2.2,MIT,git://github.com/jonschlinkert/fill-range.git,
finalhandler,0.4.0,MIT,git+https://github.com/pillarjs/finalhandler.git,
find-index,0.1.1,MIT,git://github.com/jsdf/find-index.git,
findup-sync,0.2.1,MIT,git://github.com/cowboy/node-findup-sync.git,
first-chunk-stream,1.0.0,MIT,git+https://github.com/sindresorhus/first-chunk-stream.git,
flagged-respawn,0.3.1,MIT,git://github.com/tkellen/node-flagged-respawn.git,
flat-cache,1.0.9,MIT,git+https://github.com/royriojas/flat-cache.git,
flatiron,0.4.3,MIT,git+ssh://git@github.com/flatiron/flatiron.git,
fobject,0.0.3,MIT,git://github.com/slang800/fobject.git,
font-awesome,4.4.0,OFL-1.1 AND MIT,git+https://github.com/FortAwesome/Font-Awesome.git,
for-in,0.1.4,MIT,git://github.com/jonschlinkert/for-in.git,
for-own,0.1.3,MIT,git://github.com/jonschlinkert/for-own.git,
foreach,2.0.5,MIT,git://github.com/manuelstofer/foreach.git,
forever,0.15.1,MIT,git+ssh://git@github.com/nodejitsu/forever.git,
forever-agent,0.5.2,Apache-2.0,git+https://github.com/mikeal/forever-agent.git,
forever-agent,0.6.1,Apache-2.0,git+https://github.com/mikeal/forever-agent.git,
forever-monitor,1.6.0,MIT,git+ssh://git@github.com/nodejitsu/forever-monitor.git,
forever-service,0.5.4,MIT,git+https://github.com/zapty/forever-service.git,
forge-nodejs-example,0.1.0,undefined,,
form-data,0.2.0,MIT,git://github.com/felixge/node-form-data.git,
form-data,1.0.0-rc3,MIT,git://github.com/form-data/form-data.git,
formatio,1.1.1,BSD-3,git+https://github.com/busterjs/formatio.git,
forwarded,0.1.0,MIT,git+https://github.com/jshttp/forwarded.git,
fresh,0.3.0,MIT,git+https://github.com/jshttp/fresh.git,
from,0.1.3,package.json:MIT & LICENSE.APACHE2:Apache-2.0-appendix,git://github.com/dominictarr/from.git,
fs-readdir-recursive,0.1.2,MIT,git+https://github.com/fs-utils/fs-readdir-recursive.git,
fsevents,0.3.8,MIT,git+https://github.com/strongloop/fsevents.git,
fstream,0.1.31,BSD,git://github.com/isaacs/fstream.git,
fstream,1.0.8,ISC,git://github.com/isaacs/fstream.git,
fstream-ignore,0.0.7,BSD,git://github.com/isaacs/fstream-ignore.git,
fstream-ignore,1.0.2,ISC,git://github.com/isaacs/fstream-ignore.git,
function-bind,1.0.2,MIT,git://github.com/Raynos/function-bind.git,
gapitoken,0.1.5,MIT,git://github.com/bsphere/node-gapitoken.git,
gauge,1.2.2,ISC,git+https://github.com/iarna/gauge.git,
gaze,0.5.1,MIT,git://github.com/shama/gaze.git,
generate-function,2.0.0,MIT,git+https://github.com/mafintosh/generate-function.git,
generate-object-property,1.2.0,MIT,git+https://github.com/mafintosh/generate-object-property.git,
geospatial-example,0.0.0,BSD,,
get-browser-rtc,1.0.0,MIT,git://github.com/substack/get-browser-rtc.git,
get-stdin,3.0.2,MIT,git+https://github.com/sindresorhus/get-stdin.git,
get-stdin,4.0.1,MIT,git+https://github.com/sindresorhus/get-stdin.git,
get-stdin,5.0.0,MIT,git+https://github.com/sindresorhus/get-stdin.git,
github,0.2.4,package.json:The MIT License & LICENSE:MIT,git+ssh://git@github.com/mikedeboer/node-github.git,
glob,3.1.21,BSD,git://github.com/isaacs/node-glob.git,
glob,3.2.11,BSD,git://github.com/isaacs/node-glob.git,
glob,3.2.3,BSD,git://github.com/isaacs/node-glob.git,
glob,4.2.2,ISC,git://github.com/isaacs/node-glob.git,
glob,4.3.5,ISC,git://github.com/isaacs/node-glob.git,
glob,4.5.3,ISC,git://github.com/isaacs/node-glob.git,
glob,5.0.14,ISC,git://github.com/isaacs/node-glob.git,
glob-base,0.2.0,MIT,git://github.com/jonschlinkert/glob-base.git,
glob-parent,1.3.0,ISC,git+https://github.com/es128/glob-parent.git,
glob-stream,3.1.18,MIT,git://github.com/wearefractal/glob-stream.git,
glob-to-regexp,0.1.0,BSD,git+https://github.com/fitzgen/glob-to-regexp.git,
glob-watcher,0.0.6,MIT,git://github.com/wearefractal/glob-watcher.git,
glob2base,0.0.12,MIT,git://github.com/wearefractal/glob2base.git,
globals,6.4.1,MIT,git+https://github.com/sindresorhus/globals.git,
globals,8.8.0,MIT,git+https://github.com/sindresorhus/globals.git,
globby,3.0.1,MIT,https://github.com/sindresorhus/globby,
globule,0.1.0,MIT,git://github.com/cowboy/node-globule.git,
google-auth-library,0.9.6,Apache-2.0,git+https://github.com/google/google-auth-library-nodejs.git,
google-p12-pem,0.1.0,MIT,,
googleapis,2.1.3,Apache-2.0,git+https://github.com/google/google-api-nodejs-client.git,
got,3.3.1,MIT,git+https://github.com/sindresorhus/got.git,
graceful-fs,1.2.3,BSD,git://github.com/isaacs/node-graceful-fs.git,
graceful-fs,2.0.3,BSD,git://github.com/isaacs/node-graceful-fs.git,
graceful-fs,3.0.8,ISC,git://github.com/isaacs/node-graceful-fs.git,
graceful-fs,4.1.2,ISC,git+https://github.com/isaacs/node-graceful-fs.git,
graceful-readlink,1.0.1,MIT,git://github.com/zhiyelee/graceful-readlink.git,
growl,1.8.1,undefined,git://github.com/visionmedia/node-growl.git,
growly,1.2.0,MIT,git+ssh://git@github.com/theabraham/growly.git,
gtoken,1.2.0,MIT,git+https://github.com/ryanseys/node-gtoken.git,
gulp,3.9.0,MIT,git+https://github.com/gulpjs/gulp.git,
gulp-angular-templatecache,1.7.0,MIT,git+https://github.com/miickel/gulp-angular-templatecache.git,
gulp-cached,1.1.0,MIT,git://github.com/wearefractal/gulp-cached.git,
gulp-concat,2.6.0,MIT,git+https://github.com/wearefractal/gulp-concat.git,
gulp-debug,2.1.0,MIT,git+https://github.com/sindresorhus/gulp-debug.git,
gulp-eslint,1.0.0,MIT,git+https://github.com/adametry/gulp-eslint.git,
gulp-filter,3.0.1,MIT,git+https://github.com/sindresorhus/gulp-filter.git,
gulp-footer,1.0.5,MIT,git://github.com/tracker1/gulp-footer.git,
gulp-gzip,1.2.0,MIT,git+https://github.com/jstuckey/gulp-gzip.git,
gulp-header,1.7.1,MIT,git://github.com/tracker1/gulp-header.git,
gulp-istanbul,0.10.0,MIT,git://github.com/SBoudrias/gulp-istanbul.git,
gulp-jscs,2.0.0,MIT,git+https://github.com/jscs-dev/gulp-jscs.git,
gulp-jshint,1.11.2,MIT,git://github.com/spalger/gulp-jshint.git,
gulp-json-editor,2.2.1,MIT,git://github.com/morou/gulp-json-editor.git,
gulp-less,3.0.3,MIT,git://github.com/plus3network/gulp-less.git,
gulp-minify-css,1.2.1,MIT,git+https://github.com/murphydanger/gulp-minify-css.git,
gulp-mocha,2.1.3,MIT,git+https://github.com/sindresorhus/gulp-mocha.git,
gulp-newer,0.5.1,MIT,git://github.com/tschaub/gulp-newer.git,
gulp-notify,2.2.0,MIT,git://github.com/mikaelbr/gulp-notify.git,
gulp-plumber,1.0.1,MIT,git://github.com/floatdrop/gulp-plumber.git,
gulp-rename,1.2.2,MIT,git://github.com/hparra/gulp-rename.git,
gulp-replace,0.5.4,MIT,git://github.com/lazd/gulp-replace.git,
gulp-size,1.3.0,MIT,git+https://github.com/sindresorhus/gulp-size.git,
gulp-sourcemaps,1.5.2,ISC,git://github.com/floridoo/gulp-sourcemaps.git,
gulp-tar,1.4.0,MIT,git+https://github.com/sindresorhus/gulp-tar.git,
gulp-uglify,1.3.0,MIT,git+https://github.com/terinjokes/gulp-uglify.git,
gulp-util,2.2.20,MIT,git://github.com/wearefractal/gulp-util.git,
gulp-util,3.0.6,MIT,git+https://github.com/wearefractal/gulp-util.git,
gyp,undefined,BSD-3,undefined,
gzip-size,1.0.0,MIT,git://github.com/sindresorhus/gzip-size.git,
handlebars,2.0.0,MIT,git+https://github.com/wycats/handlebars.js.git,
handlebars,3.0.0,MIT,git+https://github.com/wycats/handlebars.js.git,
handlebars,4.0.2,MIT,git+https://github.com/wycats/handlebars.js.git,
har-validator,1.8.0,ISC,git+https://github.com/ahmadnassri/har-validator.git,
has,1.0.1,MIT,git://github.com/tarruda/has.git,
has-ansi,0.1.0,MIT,git://github.com/sindresorhus/has-ansi.git,
has-ansi,2.0.0,MIT,git+https://github.com/sindresorhus/has-ansi.git,
has-unicode,1.0.0,ISC,git+https://github.com/iarna/has-unicode.git,
hash.js,1.0.3,MIT,git+ssh://git@github.com/indutny/hash.js.git,
hat,0.0.3,MIT/X11,git://github.com/substack/node-hat.git,
hawk,1.1.1,BSD,git://github.com/hueniverse/hawk.git,
hawk,2.3.1,bower.json:./LICENSE & package.json:BSD,git://github.com/hueniverse/hawk.git,
hawk,3.1.0,bower.json:./LICENSE & package.json:BSD-3-Clause,git://github.com/hueniverse/hawk.git,
headers,undefined,undefined,undefined,
heapdump,0.3.7,package.json:ISC & LICENSE:undefined,git://github.com/bnoordhuis/node-heapdump.git,
hoek,0.9.1,BSD,git://github.com/spumko/hoek.git,
hoek,2.16.2,BSD-3-Clause,git://github.com/hapijs/hoek.git,
home-or-tmp,1.0.0,MIT,git+https://github.com/sindresorhus/home-or-tmp.git,
hooks-fixed,1.1.0,MIT,git://github.com/vkarpov15/hooks-fixed.git,
htmlescape,1.1.0,undefined,git://github.com/zertosh/htmlescape.git,
htmlparser2,3.8.3,MIT,git://github.com/fb55/htmlparser2.git,
http,0.0.0,undefined,,
http-errors,1.3.1,MIT,git+https://github.com/jshttp/http-errors.git,
http-signature,0.10.1,MIT,git://github.com/joyent/node-http-signature.git,
http-signature,0.11.0,MIT,git://github.com/joyent/node-http-signature.git,
https-browserify,0.0.1,MIT,git://github.com/substack/https-browserify.git,
humanize,0.0.9,MIT,git://github.com/taijinlee/humanize.git,
i,0.3.3,MIT,git://github.com/pksunkara/inflect.git,
iconv-lite,0.4.11,MIT,git://github.com/ashtuchkin/iconv-lite.git,
ieee754,1.1.6,package.json:MIT & LICENSE:BSD-3,git://github.com/feross/ieee754.git,
image-size,0.3.5,MIT,git+ssh://git@github.com/netroy/image-size.git,
indent-string,1.2.2,MIT,git+https://github.com/sindresorhus/indent-string.git,
indexof,0.0.1,undefined,,
indx,0.2.3,MIT,git+https://github.com/jenius/indx.git,
infinity-agent,2.0.3,MIT,git+https://github.com/floatdrop/infinity-agent.git,
inflight,1.0.4,ISC,git://github.com/isaacs/inflight.git,
inherits,1.0.2,ISC,git+https://github.com/isaacs/inherits.git,
inherits,2.0.1,ISC,git://github.com/isaacs/inherits.git,
ini,1.3.4,ISC,git://github.com/isaacs/ini.git,
inline-source-map,0.5.0,MIT,git://github.com/thlorenz/inline-source-map.git,
inquirer,0.8.0,MIT,git://github.com/SBoudrias/Inquirer.js.git,
inquirer,0.9.0,MIT,git+https://github.com/sboudrias/Inquirer.js.git,
insert-module-globals,6.6.0,MIT,git://github.com/substack/insert-module-globals.git,
insight,0.5.3,BSD,git+https://github.com/yeoman/insight.git,
install,0.1.8,MIT,git://github.com/benjamn/install.git,
interpret,0.6.5,MIT,git://github.com/tkellen/node-interpret.git,
intersect,0.0.3,MIT,git://github.com/juliangruber/intersect.git,
invert-kv,1.0.0,MIT,git+https://github.com/sindresorhus/invert-kv.git,
ip,0.3.3,MIT,git+ssh://git@github.com/indutny/node-ip.git,
ipaddr.js,1.0.1,MIT,git://github.com/whitequark/ipaddr.js.git,
is,3.0.1,MIT,git://github.com/enricomarino/is.git,
is-absolute,0.1.7,MIT,git://github.com/jonschlinkert/is-absolute.git,
is-array,1.0.1,MIT,git://github.com/retrofox/is-array.git,
is-binary-path,1.0.1,MIT,git+https://github.com/sindresorhus/is-binary-path.git,
is-buffer,1.1.0,MIT,git://github.com/feross/is-buffer.git,
is-dotfile,1.0.1,MIT,git://github.com/jonschlinkert/is-dotfile.git,
is-equal-shallow,0.1.3,MIT,git://github.com/jonschlinkert/is-equal-shallow.git,
is-extglob,1.0.0,MIT,git+https://github.com/jonschlinkert/is-extglob.git,
is-finite,1.0.1,MIT,git+https://github.com/sindresorhus/is-finite.git,
is-glob,1.1.3,MIT,git+https://github.com/jonschlinkert/is-glob.git,
is-glob,2.0.0,MIT,https://github.com/jonschlinkert/is-glob,
is-integer,1.0.6,WTFPL,git+ssh://git@github.com/parshap/js-is-integer.git,
is-my-json-valid,2.12.2,MIT,git+https://github.com/mafintosh/is-my-json-valid.git,
is-npm,1.0.0,MIT,git://github.com/sindresorhus/is-npm.git,
is-number,1.1.2,MIT,git://github.com/jonschlinkert/is-number.git,
is-path-cwd,1.0.0,MIT,https://github.com/sindresorhus/is-path-cwd,
is-path-in-cwd,1.0.0,MIT,https://github.com/sindresorhus/is-path-in-cwd,
is-path-inside,1.0.0,MIT,https://github.com/sindresorhus/is-path-inside,
is-plain-obj,1.0.0,MIT,git+https://github.com/sindresorhus/is-plain-obj.git,
is-primitive,2.0.0,MIT,git://github.com/jonschlinkert/is-primitive.git,
is-property,1.0.2,MIT,git://github.com/mikolalysenko/is-property.git,
is-redirect,1.0.0,MIT,git+https://github.com/sindresorhus/is-redirect.git,
is-regexp,1.0.0,MIT,git://github.com/sindresorhus/is-regexp.git,
is-relative,0.1.3,MIT,git://github.com/jonschlinkert/is-relative.git,
is-resolvable,1.0.0,MIT,git+https://github.com/shinnn/is-resolvable.git,
is-root,1.0.0,MIT,git://github.com/sindresorhus/is-root.git,
is-stream,1.0.1,MIT,git+https://github.com/sindresorhus/is-stream.git,
is-typedarray,1.0.0,MIT,git://github.com/hughsk/is-typedarray.git,
is-utf8,0.2.0,BSD,git+https://github.com/wayfind/is-utf8.git,
isarray,0.0.1,MIT,git://github.com/juliangruber/isarray.git,
isobject,1.0.2,MIT,git://github.com/jonschlinkert/isobject.git,
isstream,0.1.2,MIT,git+https://github.com/rvagg/isstream.git,
istanbul,0.3.20,BSD-3-Clause,git://github.com/gotwarlost/istanbul.git,
istanbul-threshold-checker,0.1.0,MIT,git+https://github.com/peterjwest/istanbul-threshold-checker.git,
istextorbinary,1.0.2,MIT,git+ssh://git@github.com/bevry/istextorbinary.git,
jade,0.26.3,MIT,git://github.com/visionmedia/jade,
js-beautify,1.5.10,MIT,git://github.com/beautify-web/js-beautify.git,
js-string-escape,1.0.0,MIT,git+https://github.com/joliss/js-string-escape.git,
js-tokens,1.0.1,MIT,git+https://github.com/lydell/js-tokens.git,
js-yaml,3.4.2,MIT,git://github.com/nodeca/js-yaml.git,
jscs,2.1.1,MIT,git+https://github.com/jscs-dev/node-jscs.git,
jscs-jsdoc,1.1.0,MIT,git+https://github.com/jscs-dev/jscs-jsdoc.git,
jsdoctypeparser,1.2.0,MIT,git://github.com/Kuniwak/jsdoctypeparser.git,
jsesc,0.5.0,MIT,git+https://github.com/mathiasbynens/jsesc.git,
jshint,2.8.0,package.json:(MIT AND JSON) & LICENSE:MIT,git+https://github.com/jshint/jshint.git,
jshint-stylish,2.0.1,MIT,git+https://github.com/sindresorhus/jshint-stylish.git,
jshint_globals,undefined,MIT,undefined,
json-stable-stringify,0.0.1,MIT,git://github.com/substack/json-stable-stringify.git,
json-stringify-safe,5.0.1,ISC,git://github.com/isaacs/json-stringify-safe.git,
json5,0.4.0,MIT,git+https://github.com/aseemk/json5.git,
jsonify,0.0.0,Public Domain,git://github.com/substack/jsonify.git,
jsonparse,1.1.0,MIT,git+ssh://git@github.com/creationix/jsonparse.git,
jsonpointer,2.0.0,MIT,git+ssh://git@github.com/janl/node-jsonpointer.git,
jsonwebtoken,5.0.5,MIT,git+https://github.com/auth0/node-jsonwebtoken.git,
jstoxml,0.2.3,MIT,git://github.com/davidcalhoun/jstoxml.git,
junk,1.0.2,MIT,git+https://github.com/sindresorhus/junk.git,
jwa,1.0.2,MIT,git://github.com/brianloveswords/node-jwa.git,
jwa,1.1.0,MIT,git://github.com/brianloveswords/node-jwa.git,
jws,3.0.0,MIT,git://github.com/brianloveswords/node-jws.git,
jws,3.1.0,MIT,git://github.com/brianloveswords/node-jws.git,
kareem,1.0.1,package.json:Apache 2.0 & LICENSE:Apache-2.0,git://github.com/vkarpov15/kareem.git,
kerberos,0.0.14,package.json:Apache 2.0 & LICENSE:Apache-2.0,https://github.com/christkv/kerberos.git,
kew,0.3.4,Apache-2.0,git+https://github.com/Obvious/kew.git,
keygrip,1.0.1,MIT,git://github.com/expressjs/keygrip.git,
kind-of,1.1.0,MIT,git://github.com/jonschlinkert/kind-of.git,
kind-of,2.0.1,MIT,git+https://github.com/jonschlinkert/kind-of.git,
labeled-stream-splicer,1.0.2,MIT,git://github.com/substack/labeled-stream-splicer.git,
latest-version,1.0.1,MIT,git+https://github.com/sindresorhus/latest-version.git,
lazy,1.0.11,MIT,git+ssh://git@github.com/pkrumins/node-lazy.git,
lazy-cache,0.2.3,MIT,git+https://github.com/jonschlinkert/lazy-cache.git,
lazystream,0.1.0,MIT,git+https://github.com/jpommerening/node-lazystream.git,
lcid,1.0.0,MIT,git+https://github.com/sindresorhus/lcid.git,
lean-example,0.0.0,BSD,,
left-pad,0.0.3,BSD,git+ssh://git@github.com/azer/left-pad.git,
less,2.5.1,Apache-2.0,git+https://github.com/less/less.js.git,
leven,1.0.2,MIT,git+https://github.com/sindresorhus/leven.git,
levn,0.2.5,MIT,git://github.com/gkz/levn.git,
lexical-scope,1.2.0,MIT,git://github.com/substack/lexical-scope.git,
lib,undefined,MIT,undefined,
liftoff,2.1.0,MIT,git://github.com/tkellen/node-liftoff.git,
line-numbers,0.2.0,MIT,git+https://github.com/lydell/line-numbers.git,
lockfile,1.0.1,ISC,git://github.com/isaacs/lockfile.git,
lodash,1.0.2,MIT,git+https://github.com/lodash/lodash.git,
lodash,2.4.2,MIT,git+https://github.com/lodash/lodash.git,
lodash,3.10.1,MIT,git+https://github.com/lodash/lodash.git,
lodash,3.2.0,MIT,git+https://github.com/lodash/lodash.git,
lodash,3.6.0,MIT,git+https://github.com/lodash/lodash.git,
lodash,3.7.0,MIT,git+https://github.com/lodash/lodash.git,
lodash._arraycopy,3.0.0,MIT,git+https://github.com/lodash/lodash.git,
lodash._arrayeach,3.0.0,MIT,git+https://github.com/lodash/lodash.git,
lodash._arraymap,3.0.0,MIT,git+https://github.com/lodash/lodash.git,
lodash._baseassign,3.2.0,MIT,git+https://github.com/lodash/lodash.git,
lodash._baseclone,3.3.0,MIT,git+https://github.com/lodash/lodash.git,
lodash._basecopy,3.0.1,MIT,git+https://github.com/lodash/lodash.git,
lodash._basedifference,3.0.3,MIT,git+https://github.com/lodash/lodash.git,
lodash._baseflatten,3.1.4,MIT,git+https://github.com/lodash/lodash.git,
lodash._basefor,3.0.2,MIT,git+https://github.com/lodash/lodash.git,
lodash._baseindexof,3.1.0,MIT,git+https://github.com/lodash/lodash.git,
lodash._basetostring,3.0.1,MIT,git+https://github.com/lodash/lodash.git,
lodash._basevalues,3.0.0,MIT,git+https://github.com/lodash/lodash.git,
lodash._bindcallback,3.0.1,MIT,git+https://github.com/lodash/lodash.git,
lodash._cacheindexof,3.0.2,MIT,git+https://github.com/lodash/lodash.git,
lodash._createassigner,3.1.1,MIT,git+https://github.com/lodash/lodash.git,
lodash._createcache,3.1.2,MIT,git+https://github.com/lodash/lodash.git,
lodash._createpadding,3.6.1,MIT,git+https://github.com/lodash/lodash.git,
lodash._escapehtmlchar,2.4.1,MIT,git+https://github.com/lodash/lodash-cli.git,
lodash._escapestringchar,2.4.1,MIT,git+https://github.com/lodash/lodash-cli.git,
lodash._getnative,3.9.1,MIT,git+https://github.com/lodash/lodash.git,
lodash._htmlescapes,2.4.1,MIT,git+https://github.com/lodash/lodash-cli.git,
lodash._isiterateecall,3.0.9,MIT,git+https://github.com/lodash/lodash.git,
lodash._isnative,2.4.1,MIT,git+https://github.com/lodash/lodash-cli.git,
lodash._objecttypes,2.4.1,MIT,git+https://github.com/lodash/lodash-cli.git,
lodash._pickbyarray,3.0.2,MIT,git+https://github.com/lodash/lodash.git,
lodash._pickbycallback,3.0.0,MIT,git+https://github.com/lodash/lodash.git,
lodash._reescape,3.0.0,MIT,git+https://github.com/lodash/lodash.git,
lodash._reevaluate,3.0.0,MIT,git+https://github.com/lodash/lodash.git,
lodash._reinterpolate,2.4.1,MIT,git+https://github.com/lodash/lodash-cli.git,
lodash._reinterpolate,3.0.0,MIT,git+https://github.com/lodash/lodash.git,
lodash._reunescapedhtml,2.4.1,MIT,git+https://github.com/lodash/lodash-cli.git,
lodash._shimkeys,2.4.1,MIT,git+https://github.com/lodash/lodash-cli.git,
lodash.assign,3.2.0,MIT,git+https://github.com/lodash/lodash.git,
lodash.clonedeep,3.0.2,MIT,git+https://github.com/lodash/lodash.git,
lodash.debounce,3.1.1,MIT,git+https://github.com/lodash/lodash.git,
lodash.defaults,2.4.1,MIT,git+https://github.com/lodash/lodash-cli.git,
lodash.escape,2.4.1,MIT,git+https://github.com/lodash/lodash-cli.git,
lodash.escape,3.0.0,MIT,git+https://github.com/lodash/lodash.git,
lodash.isarguments,3.0.4,MIT,git+https://github.com/lodash/lodash.git,
lodash.isarray,3.0.4,MIT,git+https://github.com/lodash/lodash.git,
lodash.isobject,2.4.1,MIT,git+https://github.com/lodash/lodash-cli.git,
lodash.isplainobject,3.2.0,MIT,git+https://github.com/lodash/lodash.git,
lodash.istypedarray,3.0.2,MIT,git+https://github.com/lodash/lodash.git,
lodash.keys,2.4.1,MIT,git+https://github.com/lodash/lodash-cli.git,
lodash.keys,3.1.2,MIT,git+https://github.com/lodash/lodash.git,
lodash.keysin,3.0.8,MIT,git+https://github.com/lodash/lodash.git,
lodash.memoize,3.0.4,MIT,git+https://github.com/lodash/lodash.git,
lodash.merge,3.3.2,MIT,git+https://github.com/lodash/lodash.git,
lodash.noop,3.0.0,MIT,git+https://github.com/lodash/lodash.git,
lodash.omit,3.1.0,MIT,git+https://github.com/lodash/lodash.git,
lodash.pad,3.1.1,MIT,git+https://github.com/lodash/lodash.git,
lodash.padleft,3.1.1,MIT,git+https://github.com/lodash/lodash.git,
lodash.padright,3.1.1,MIT,git+https://github.com/lodash/lodash.git,
lodash.repeat,3.0.1,MIT,git+https://github.com/lodash/lodash.git,
lodash.restparam,3.6.1,MIT,git+https://github.com/lodash/lodash.git,
lodash.template,2.4.1,MIT,git+https://github.com/lodash/lodash-cli.git,
lodash.template,3.6.2,MIT,git+https://github.com/lodash/lodash.git,
lodash.templatesettings,2.4.1,MIT,git+https://github.com/lodash/lodash-cli.git,
lodash.templatesettings,3.1.0,MIT,git+https://github.com/lodash/lodash.git,
lodash.toplainobject,3.0.0,MIT,git+https://github.com/lodash/lodash.git,
lodash.values,2.4.1,MIT,git+https://github.com/lodash/lodash-cli.git,
log-symbols,1.0.2,MIT,git+https://github.com/sindresorhus/log-symbols.git,
lolex,1.3.1,BSD-3-Clause,git+ssh://git@github.com/sinonjs/lolex.git,
longest,1.0.1,MIT,git+https://github.com/jonschlinkert/longest.git,
lowercase-keys,1.0.0,MIT,git+https://github.com/sindresorhus/lowercase-keys.git,
lru-cache,2.3.1,MIT,git://github.com/isaacs/node-lru-cache.git,
lru-cache,2.7.0,ISC,git://github.com/isaacs/node-lru-cache.git,
lru-queue,0.1.0,MIT,git://github.com/medikoo/lru-queue.git,
makeerror,1.0.11,BSD-3-Clause,git+https://github.com/daaku/nodejs-makeerror.git,
map-obj,1.0.1,MIT,git+https://github.com/sindresorhus/map-obj.git,
map-reduce-example,0.0.0,BSD,,
map-stream,0.1.0,undefined,git://github.com/dominictarr/map-stream.git,
marked,0.3.5,MIT,git://github.com/chjj/marked.git,
marked-terminal,1.6.1,MIT,git+https://github.com/mikaelbr/marked-terminal.git,
media-typer,0.3.0,MIT,git+https://github.com/jshttp/media-typer.git,
memoizee,0.3.9,MIT,git://github.com/medikoo/memoize.git,
meow,2.0.0,MIT,git+https://github.com/sindresorhus/meow.git,
meow,3.3.0,MIT,git+https://github.com/sindresorhus/meow.git,
merge-descriptors,1.0.0,MIT,git+https://github.com/component/merge-descriptors.git,
method-override,2.3.5,MIT,git+https://github.com/expressjs/method-override.git,
methods,1.1.1,MIT,git+https://github.com/jshttp/methods.git,
micromatch,2.2.0,MIT,git+https://github.com/jonschlinkert/micromatch.git,
microplugin,0.0.3,Apache License  Version 2.0,git://github.com/brianreavis/microplugin.js.git,
miller-rabin,2.0.1,MIT,git+ssh://git@github.com/indutny/miller-rabin.git,
mime,1.3.4,MIT,git+https://github.com/broofa/node-mime.git,
mime-db,1.12.0,MIT,git+https://github.com/jshttp/mime-db.git,
mime-db,1.18.0,MIT,git+https://github.com/jshttp/mime-db.git,
mime-db,1.19.0,MIT,https://github.com/jshttp/mime-db,
mime-types,1.0.2,MIT,git+https://github.com/expressjs/mime-types.git,
mime-types,2.0.14,MIT,git+https://github.com/jshttp/mime-types.git,
mime-types,2.1.6,MIT,git+https://github.com/jshttp/mime-types.git,
minimalistic-assert,1.0.0,ISC,git+https://github.com/calvinmetcalf/minimalistic-assert.git,
minimatch,0.2.14,MIT,git://github.com/isaacs/minimatch.git,
minimatch,0.3.0,MIT,git://github.com/isaacs/minimatch.git,
minimatch,1.0.0,MIT,git://github.com/isaacs/minimatch.git,
minimatch,2.0.10,ISC,git://github.com/isaacs/minimatch.git,
minimist,0.0.10,MIT,git://github.com/substack/minimist.git,
minimist,0.0.8,MIT,git://github.com/substack/minimist.git,
minimist,0.2.0,MIT,git://github.com/substack/minimist.git,
minimist,1.2.0,MIT,git://github.com/substack/minimist.git,
mkdirp,0.3.0,MIT/X11,git://github.com/substack/node-mkdirp.git,
mkdirp,0.3.5,MIT,git+ssh://git@github.com/substack/node-mkdirp.git,
mkdirp,0.5.0,MIT,git+https://github.com/substack/node-mkdirp.git,
mkdirp,0.5.1,MIT,git+https://github.com/substack/node-mkdirp.git,
mkpath,0.1.0,MIT,git+https://github.com/jrajav/mkpath.git,
mocha,2.2.5,MIT,git://github.com/mochajs/mocha.git,
module-deps,3.9.1,MIT,git://github.com/substack/module-deps.git,
moment,2.10.6,MIT,git+https://github.com/moment/moment.git,
mongodb,2.0.42,Apache-2.0,git@github.com:mongodb/node-mongodb-native.git,
mongodb-core,1.2.10,package.json:Apache 2.0 & LICENSE:Apache-2.0,git://github.com/christkv/mongodb-core.git,
mongoose,4.1.7,MIT,git://github.com/Automattic/mongoose.git,
morgan,1.6.1,MIT,git+https://github.com/expressjs/morgan.git,
mout,0.11.0,MIT,git://github.com/mout/mout.git,
mout,0.9.1,MIT,git://github.com/mout/mout.git,
mpath,0.1.1,MIT,git://github.com/aheckmann/mpath.git,
mpromise,0.5.4,MIT,git://github.com/aheckmann/mpromise.git,
mquery,1.6.3,MIT,git://github.com/aheckmann/mquery.git,
ms,0.1.0,undefined,,
ms,0.6.2,undefined,git://github.com/guille/ms.js.git,
ms,0.7.1,MIT,git://github.com/guille/ms.js.git,
multer,1.0.3,MIT,git+https://github.com/expressjs/multer.git,
multimatch,2.0.0,MIT,git+https://github.com/sindresorhus/multimatch.git,
multipipe,0.1.2,MIT,git+https://github.com/juliangruber/multipipe.git,
muri,1.0.0,MIT,git://github.com/aheckmann/muri.git,
mute-stream,0.0.4,BSD,git://github.com/isaacs/mute-stream.git,
mute-stream,0.0.5,ISC,git://github.com/isaacs/mute-stream.git,
nan,1.8.4,MIT,git://github.com/iojs/nan.git,
nan,2.0.5,MIT,git://github.com/nodejs/nan.git,
nan,2.0.9,MIT,git://github.com/nodejs/nan.git,
natural-compare,1.2.2,MIT,git://github.com/litejs/natural-compare.git,
nconf,0.6.9,MIT,git+ssh://git@github.com/flatiron/nconf.git,
ncp,0.4.2,MIT,git+https://github.com/AvianFlu/ncp.git,
ncp,2.0.0,MIT,git+https://github.com/AvianFlu/ncp.git,
negotiator,0.5.3,MIT,git+https://github.com/jshttp/negotiator.git,
nested-error-stacks,1.0.1,MIT,git+https://github.com/mdlavin/nested-error-stacks.git,
next-tick,0.2.2,MIT,git://github.com/medikoo/next-tick.git,
node-csv,0.5.0,undefined,,
node-df,0.1.1,MIT,git+https://github.com/adriano-di-giovanni/node-df.git,
node-emoji,0.1.0,MIT,git+https://github.com/omnidan/node-emoji.git,
node-forge,0.6.34,bower.json:BSD & LICENSE:GPL-2.0,git+ssh://git@github.com/digitalbazaar/forge.git,
node-gyp,3.0.3,MIT,git://github.com/nodejs/node-gyp.git,
node-int64,0.3.3,MIT,git+https://github.com/broofa/node-int64.git,
node-notifier,4.2.3,MIT,git+ssh://git@github.com/mikaelbr/node-notifier.git,
node-pre-gyp,0.6.4,BSD,git://github.com/mapbox/node-pre-gyp.git,
node-pre-gyp-test-app1,0.1.0,undefined,git://github.com/mapbox/node-pre-gyp.git,
node-pre-gyp-test-app2,0.1.0-release1.release2+build1.build2,undefined,git://github.com/mapbox/node-pre-gyp.git,
node-pre-gyp-test-app3,0.1.0-dev.4,undefined,git://github.com/mapbox/node-pre-gyp.git,
node-pre-gyp-test-dependents,0.1.0,undefined,git://github.com/mapbox/node-pre-gyp.git,
node-uuid,1.4.3,MIT,git+https://github.com/broofa/node-uuid.git,
node.extend,1.1.5,(MIT OR GPL-2.0),git+https://github.com/dreamerslab/node.extend.git,
nopt,1.0.10,MIT,git://github.com/isaacs/nopt.git,
nopt,3.0.4,ISC,git+ssh://git@github.com/isaacs/nopt.git,
npmlog,1.2.1,ISC,git://github.com/isaacs/npmlog.git,
nssocket,0.5.3,MIT,git+ssh://git@github.com/nodejitsu/nssocket.git,
number-is-nan,1.0.0,MIT,git+https://github.com/sindresorhus/number-is-nan.git,
nw-pre-gyp-module-test,0.0.1,undefined,,
oauth-sign,0.5.0,Apache-2.0,git+https://github.com/mikeal/oauth-sign.git,
oauth-sign,0.6.0,Apache-2.0,git+https://github.com/mikeal/oauth-sign.git,
oauth-sign,0.8.0,Apache-2.0,git+https://github.com/mikeal/oauth-sign.git,
object-assign,1.0.0,MIT,git+https://github.com/sindresorhus/object-assign.git,
object-assign,2.1.1,MIT,git+https://github.com/sindresorhus/object-assign.git,
object-assign,3.0.0,MIT,git+https://github.com/sindresorhus/object-assign.git,
object-assign,4.0.1,MIT,git+https://github.com/sindresorhus/object-assign.git,
object-keys,0.4.0,MIT,git://github.com/ljharb/object-keys.git,
object-keys,1.0.7,MIT,git://github.com/ljharb/object-keys.git,
object.omit,1.1.0,MIT,git://github.com/jonschlinkert/object.omit.git,
on-finished,2.3.0,MIT,git+https://github.com/jshttp/on-finished.git,
on-headers,1.0.0,MIT,git+https://github.com/jshttp/on-headers.git,
once,1.1.1,BSD,git://github.com/isaacs/once.git,
once,1.3.2,ISC,git://github.com/isaacs/once.git,
opn,1.0.2,MIT,git+https://github.com/sindresorhus/opn.git,
optimist,0.2.8,MIT/X11,git://github.com/substack/node-optimist.git,
optimist,0.3.7,MIT/X11,git+ssh://git@github.com/substack/node-optimist.git,
optimist,0.6.0,MIT/X11,git+ssh://git@github.com/substack/node-optimist.git,
optimist,0.6.1,MIT/X11,git+ssh://git@github.com/substack/node-optimist.git,
optionator,0.5.0,MIT,git://github.com/gkz/optionator.git,
options,0.0.6,undefined,git://github.com/einaros/options.js.git,
orchestrator,0.3.7,MIT,git://github.com/robrich/orchestrator.git,
ordered-read-streams,0.1.0,MIT,git://github.com/armed/ordered-read-streams.git,
os-browserify,0.1.2,MIT,git+ssh://git@github.com/drewyoung1/os-browserify.git,
os-homedir,1.0.1,MIT,git+https://github.com/sindresorhus/os-homedir.git,
os-locale,1.4.0,MIT,git+https://github.com/sindresorhus/os-locale.git,
os-name,1.0.3,MIT,git+https://github.com/sindresorhus/os-name.git,
os-tmpdir,1.0.1,MIT,git+https://github.com/sindresorhus/os-tmpdir.git,
osenv,0.0.3,BSD,git://github.com/isaacs/osenv.git,
osenv,0.1.3,ISC,git+https://github.com/npm/osenv.git,
osx-release,1.1.0,MIT,git+https://github.com/sindresorhus/osx-release.git,
output-file-sync,1.1.1,MIT,git+https://github.com/shinnn/output-file-sync.git,
p-throttler,0.1.1,MIT,git://github.com/IndigoUnited/node-p-throttler.git,
package-json,1.2.0,MIT,git+https://github.com/sindresorhus/package-json.git,
pako,0.2.8,MIT,git://github.com/nodeca/pako.git,
parents,1.0.1,MIT,git://github.com/substack/node-parents.git,
parse-asn1,3.0.1,ISC,git://github.com/crypto-browserify/parse-asn1.git,
parse-glob,3.0.2,MIT,git://github.com/jonschlinkert/parse-glob.git,
parseurl,1.3.0,MIT,git+https://github.com/expressjs/parseurl.git,
path,0.12.7,MIT,git://github.com/jinder/path.git,
path-array,1.0.0,MIT,git://github.com/TooTallNate/node-path-array.git,
path-browserify,0.0.0,MIT,git://github.com/substack/path-browserify.git,
path-exists,1.0.0,MIT,git+https://github.com/sindresorhus/path-exists.git,
path-is-absolute,1.0.0,MIT,git+https://github.com/sindresorhus/path-is-absolute.git,
path-is-inside,1.0.1,WTFPL,git://github.com/domenic/path-is-inside.git,
path-platform,0.11.15,package.json:MIT & LICENSE:undefined,git+ssh://git@github.com/tjfontaine/node-path-platform.git,
path-to-regexp,0.1.7,MIT,git+https://github.com/component/path-to-regexp.git,
pathval,0.1.1,MIT,git+https://github.com/chaijs/pathval.git,
pause-stream,0.0.11,package.json:MIT & package.json:Apache2 & LICENSE:Apache-2.0,git://github.com/dominictarr/pause-stream.git,
pbkdf2,3.0.4,MIT,git+https://github.com/crypto-browserify/pbkdf2.git,
pem,1.8.0,MIT,git://github.com/andris9/pem.git,
performance-now,0.2.0,MIT,git://github.com/meryn/performance-now.git,
pify,2.2.0,MIT,git+https://github.com/sindresorhus/pify.git,
pinkie,1.0.0,MIT,git+https://github.com/floatdrop/pinkie.git,
pinkie-promise,1.0.0,MIT,git+https://github.com/floatdrop/pinkie-promise.git,
pkg_event,,undefined,,
pkginfo,0.3.0,MIT,git+ssh://git@github.com/indexzero/node-pkginfo.git,
plur,1.0.0,MIT,git+https://github.com/sindresorhus/plur.git,
prelude-ls,1.1.2,MIT,git://github.com/gkz/prelude-ls.git,
prepend-http,1.0.3,MIT,git+https://github.com/sindresorhus/prepend-http.git,
preserve,0.2.0,MIT,git://github.com/jonschlinkert/preserve.git,
pretty-bytes,2.0.1,MIT,git+https://github.com/sindresorhus/pretty-bytes.git,
pretty-hrtime,1.0.0,MIT,git://github.com/robrich/pretty-hrtime.git,
prettyjson,1.1.3,MIT,git+https://github.com/rafeca/prettyjson.git,
private,0.1.6,MIT,git://github.com/benjamn/private.git,
process,0.11.2,MIT,git://github.com/shtylman/node-process.git,
process-nextick-args,1.0.3,MIT,git+https://github.com/calvinmetcalf/process-nextick-args.git,
promise,6.1.0,MIT,git+https://github.com/then/promise.git,
promise-example,0.0.0,BSD,,
prompt,0.2.14,MIT,git+ssh://git@github.com/flatiron/prompt.git,
prompt,0.2.14,MIT,http://github.com/flatiron/prompt.git,
promptly,0.2.0,MIT,git://github.com/IndigoUnited/node-promptly.git,
proto-list,1.2.4,ISC,git+https://github.com/isaacs/proto-list.git,
proxy-addr,1.0.8,MIT,git+https://github.com/jshttp/proxy-addr.git,
prr,0.0.0,MIT,git+https://github.com/rvagg/prr.git,
ps-tree,0.0.3,undefined,git+https://github.com/indexzero/ps-tree.git,
public-encrypt,2.0.1,MIT,git+https://github.com/crypto-browserify/publicEncrypt.git,
pump,1.0.0,MIT,git://github.com/mafintosh/pump.git,
punycode,1.3.2,MIT,git+https://github.com/bestiejs/punycode.js.git,
q,0.9.7,MIT,git://github.com/kriskowal/q.git,
q,1.1.2,MIT,git://github.com/kriskowal/q.git,
q,1.4.1,MIT,git://github.com/kriskowal/q.git,
qs,2.3.3,BSD,git+https://github.com/hapijs/qs.git,
qs,3.1.0,BSD-3-Clause,git+https://github.com/hapijs/qs.git,
qs,4.0.0,BSD-3-Clause,git+https://github.com/hapijs/qs.git,
qs,5.1.0,BSD-3-Clause,git+https://github.com/hapijs/qs.git,
query-builder-example,0.0.0,BSD,,
querystring,0.2.0,MIT,git://github.com/Gozala/querystring.git,
querystring-es3,0.2.1,MIT,git://github.com/mike-spainhower/querystring.git,
randomatic,1.1.0,MIT,git+https://github.com/jonschlinkert/randomatic.git,
randombytes,2.0.1,MIT,git+ssh://git@github.com/crypto-browserify/randombytes.git,
range-parser,1.0.2,MIT,git+https://github.com/jshttp/range-parser.git,
raw-body,2.1.3,MIT,https://github.com/stream-utils/raw-body,
rc,1.0.3,package.json:(BSD OR MIT OR Apache2) & LICENSE.APACHE2:Apache-2.0-appendix & LICENSE.BSD:BSD-2 & LICENSE.MIT:MIT,git+https://github.com/dominictarr/rc.git,
rc,1.1.1,package.json:(BSD-2-Clause OR MIT OR Apache-2.0) & LICENSE.APACHE2:Apache-2.0-appendix & LICENSE.BSD:BSD-2 & LICENSE.MIT:MIT,git+https://github.com/dominictarr/rc.git,
rcfinder,0.1.8,MIT,git://github.com/spenceralger/rcfinder.git,
rcloader,0.1.2,MIT,git+ssh://git@github.com/spenceralger/rcloader.git,
read,1.0.7,ISC,git://github.com/isaacs/read.git,
read-all-stream,3.0.1,MIT,git+https://github.com/floatdrop/read-all-stream.git,
read-json-sync,1.1.0,MIT,https://github.com/shinnn/read-json-sync,
read-only-stream,1.1.1,MIT,git://github.com/substack/read-only-stream.git,
readable-stream,1.0.31,package.json:MIT & LICENSE:BSD-2,git://github.com/isaacs/readable-stream.git,
readable-stream,1.0.33,MIT,git://github.com/isaacs/readable-stream.git,
readable-stream,1.1.13,MIT,git://github.com/isaacs/readable-stream.git,
readable-stream,2.0.2,MIT,git://github.com/nodejs/readable-stream.git,
readable-wrap,1.0.0,MIT,git://github.com/substack/readable-wrap.git,
readdirp,1.4.0,MIT,git://github.com/thlorenz/readdirp.git,
readdirp,2.0.0,MIT,git://github.com/thlorenz/readdirp.git,
readdirp-examples,0.0.0,undefined,,
readline2,0.1.1,MIT,git+https://github.com/SBoudrias/readline2.git,
recast,0.10.24,MIT,git://github.com/benjamn/recast.git,
recast,0.10.32,MIT,git://github.com/benjamn/recast.git,
rechoir,0.6.2,MIT,git://github.com/tkellen/node-rechoir.git,
redeyed,0.4.4,MIT,git://github.com/thlorenz/redeyed.git,
redeyed,0.5.0,MIT,git://github.com/thlorenz/redeyed.git,
regenerate,1.2.1,MIT,git+https://github.com/mathiasbynens/regenerate.git,
regenerator,0.8.35,BSD,git://github.com/facebook/regenerator.git,
regex-cache,0.4.2,MIT,git://github.com/jonschlinkert/regex-cache.git,
regexp-clone,0.0.1,MIT,git://github.com/aheckmann/regexp-clone.git,
regexpu,1.2.0,MIT,git+https://github.com/mathiasbynens/regexpu.git,
registry-url,3.0.3,MIT,git+https://github.com/sindresorhus/registry-url.git,
regjsgen,0.2.0,MIT,git://github.com/d10/regjsgen.git,
regjsparser,0.1.5,BSD,git+ssh://git@github.com/jviereck/regjsparser.git,
repeat-element,1.1.2,MIT,git://github.com/jonschlinkert/repeat-element.git,
repeat-string,1.5.2,MIT,git://github.com/jonschlinkert/repeat-string.git,
repeating,1.1.3,MIT,git+https://github.com/sindresorhus/repeating.git,
replace-ext,0.0.1,MIT,git://github.com/wearefractal/replace-ext.git,
replacestream,4.0.0,BSD-3-Clause,git+https://github.com/eugeneware/replacestream.git,
replica-set-example,0.0.0,BSD,,
request,2.51.0,Apache-2.0,git+https://github.com/request/request.git,
request,2.53.0,Apache-2.0,git+https://github.com/request/request.git,
request,2.58.0,Apache-2.0,git+https://github.com/request/request.git,
request,2.61.0,Apache-2.0,git+https://github.com/request/request.git,
request,2.62.0,Apache-2.0,git+https://github.com/request/request.git,
request-progress,0.3.1,MIT,git://github.com/IndigoUnited/node-request-progress.git,
request-replay,0.2.0,MIT,git://github.com/IndigoUnited/node-request-replay.git,
reserved-words,0.1.1,MIT,git+https://github.com/zxqfox/reserved-words.git,
resolve,1.1.6,MIT,git://github.com/substack/node-resolve.git,
resolve-from,1.0.0,MIT,git://github.com/sindresorhus/resolve-from.git,
resourceful-app,0.1.0,undefined,,
resumer,0.0.0,MIT,git://github.com/substack/resumer.git,
retry,0.6.1,MIT,git://github.com/tim-kos/node-retry.git,
revalidator,0.1.8,package.json:Apache 2.0 & LICENSE:Apache-2.0,git+ssh://git@github.com/flatiron/revalidator.git,
rewire,2.3.4,MIT,git://github.com/jhnns/rewire.git,
right-align,0.1.3,MIT,git://github.com/jonschlinkert/right-align.git,
rimraf,2.2.8,MIT,git://github.com/isaacs/rimraf.git,
rimraf,2.3.4,ISC,git://github.com/isaacs/rimraf.git,
rimraf,2.4.3,ISC,git://github.com/isaacs/rimraf.git,
ripemd160,1.0.1,BSD-3-Clause,git+https://github.com/crypto-browserify/ripemd160.git,
run-async,0.1.0,MIT,git://github.com/SBoudrias/run-async.git,
rx,2.5.3,Apache-2.0,git+https://github.com/Reactive-Extensions/RxJS.git,
rx-lite,2.5.2,Apache License  Version 2.0,git+https://github.com/Reactive-Extensions/RxJS.git,
samsam,1.1.2,BSD-3,git+https://github.com/busterjs/samsam.git,
sax,0.5.3,package.json:BSD & LICENSE-W3C.html:undefined,git://github.com/isaacs/sax-js.git,
sax,1.1.3,package.json:ISC & LICENSE:MIT & LICENSE-W3C.html:undefined,git://github.com/isaacs/sax-js.git,
selectize,0.12.1,bower.json:Apache License  Version 2.0 & LICENSE:Apache-2.0,git://github.com/brianreavis/selectize.js.git,
semver,2.3.2,BSD,git://github.com/isaacs/node-semver.git,
semver,4.3.6,ISC,git://github.com/npm/node-semver.git,
semver,5.0.3,ISC,git+https://github.com/npm/node-semver.git,
semver-diff,2.0.0,MIT,git+https://github.com/sindresorhus/semver-diff.git,
send,0.13.0,MIT,git+https://github.com/pillarjs/send.git,
sequencify,0.0.7,MIT,git://github.com/robrich/sequencify.git,
serve-favicon,2.3.0,MIT,git+https://github.com/expressjs/serve-favicon.git,
serve-static,1.10.0,MIT,git+https://github.com/expressjs/serve-static.git,
setimmediate,1.0.2,MIT,git://github.com/YuzuJS/setImmediate.git,
sha.js,2.3.6,MIT,git://github.com/crypto-browserify/sha.js.git,
sha.js,2.4.4,MIT,git://github.com/crypto-browserify/sha.js.git,
shasum,1.0.1,MIT,git://github.com/dominictarr/shasum.git,
shebang-regex,1.0.0,MIT,git+https://github.com/sindresorhus/shebang-regex.git,
shell-quote,0.0.1,MIT,git://github.com/substack/node-shell-quote.git,
shell-quote,1.4.3,MIT,git+ssh://git@github.com/substack/node-shell-quote.git,
shelljs,0.3.0,package.json:BSD* & LICENSE:BSD-3,git://github.com/arturadib/shelljs.git,
shellwords,0.1.0,MIT,git://github.com/jimmycuadra/shellwords.git,
shush,1.0.0,MIT,git://github.com/totherik/shush.git,
sifter,0.4.3,Apache License  Version 2.0,git://github.com/brianreavis/sifter.js.git,
sigmund,1.0.1,ISC,git://github.com/isaacs/sigmund.git,
simple-app,0.1.0,undefined,,
simple-app-subdir,0.1.0,undefined,,
simple-fmt,0.1.0,MIT,git+https://github.com/olov/simple-fmt.git,
simple-is,0.2.0,MIT,git+https://github.com/olov/simple-is.git,
simple-peer,5.11.5,MIT,git://github.com/feross/simple-peer.git,
sinon,1.16.1,BSD-3-Clause,git+ssh://git@github.com/cjohansen/Sinon.JS.git,
slash,1.0.0,MIT,git://github.com/sindresorhus/slash.git,
sliced,0.0.5,MIT,git://github.com/aheckmann/sliced.git,
sntp,0.2.4,BSD,git://github.com/hueniverse/sntp.git,
sntp,1.0.9,BSD,git://github.com/hueniverse/sntp.git,
some-pkg,0.0.0,undefined,,
source-map,0.1.32,BSD,git+ssh://git@github.com/mozilla/source-map.git,
source-map,0.1.34,BSD,git+ssh://git@github.com/mozilla/source-map.git,
source-map,0.1.43,BSD,git+ssh://git@github.com/mozilla/source-map.git,
source-map,0.2.0,BSD,git+ssh://git@github.com/mozilla/source-map.git,
source-map,0.4.4,BSD-3-Clause,git+ssh://git@github.com/mozilla/source-map.git,
source-map-support,0.2.10,MIT,git+https://github.com/evanw/node-source-map-support.git,
split,0.3.3,MIT,git://github.com/dominictarr/split.git,
sprintf-js,1.0.3,BSD-3-Clause-Clear,git+https://github.com/alexei/sprintf.js.git,
stable,0.1.5,MIT,git+https://github.com/Two-Screen/stable.git,
stack-trace,0.0.9,MIT,git://github.com/felixge/node-stack-trace.git,
static-app,0.1.0,undefined,,
statuses,1.2.1,MIT,git+https://github.com/jshttp/statuses.git,
stream-browserify,2.0.1,MIT,git://github.com/substack/stream-browserify.git,
stream-combiner,0.0.4,MIT,git://github.com/dominictarr/stream-combiner.git,
stream-combiner2,1.0.2,MIT,git://github.com/substack/stream-combiner2.git,
stream-consume,0.1.0,MIT,git+https://github.com/aroneous/stream-consume.git,
stream-http,1.7.1,MIT,git://github.com/jhiesey/stream-http.git,
stream-splicer,1.3.2,MIT,git://github.com/substack/stream-splicer.git,
stream-to-array,1.0.0,MIT,git+https://github.com/stream-utils/stream-to-array.git,
streamfilter,1.0.5,MIT,git+ssh://git@github.com/nfroidure/streamfilter.git,
streamsearch,0.1.2,MIT,git+ssh://git@github.com/mscdex/streamsearch.git,
string-length,1.0.1,MIT,git+https://github.com/sindresorhus/string-length.git,
string-template,0.2.1,MIT,git://github.com/Matt-Esch/string-template.git,
string_decoder,0.10.31,MIT,git://github.com/rvagg/string_decoder.git,
stringify-object,1.0.1,package.json:BSD & license:MIT,git+https://github.com/yeoman/stringify-object.git,
stringify-object,2.3.0,package.json:BSD-2-Clause & license:MIT,git+https://github.com/yeoman/stringify-object.git,
stringmap,0.2.2,MIT,git+https://github.com/olov/stringmap.git,
stringset,0.2.1,MIT,git+https://github.com/olov/stringset.git,
stringstream,0.0.4,package.json:MIT & LICENSE.txt:undefined,git+https://github.com/mhart/StringStream.git,
strip-ansi,0.3.0,MIT,git://github.com/sindresorhus/strip-ansi.git,
strip-ansi,2.0.1,MIT,git+https://github.com/sindresorhus/strip-ansi.git,
strip-ansi,3.0.0,MIT,git+https://github.com/sindresorhus/strip-ansi.git,
strip-bom,1.0.0,MIT,git://github.com/sindresorhus/strip-bom.git,
strip-json-comments,0.1.3,MIT,git://github.com/sindresorhus/strip-json-comments.git,
strip-json-comments,1.0.4,MIT,git+https://github.com/sindresorhus/strip-json-comments.git,
subarg,1.0.0,MIT,git://github.com/substack/subarg.git,
success-symbol,0.1.0,MIT,git+https://github.com/jonschlinkert/success-symbol.git,
supports-color,0.2.0,MIT,git://github.com/sindresorhus/supports-color.git,
supports-color,1.2.1,MIT,git+https://github.com/sindresorhus/supports-color.git,
supports-color,1.3.1,MIT,git+https://github.com/sindresorhus/supports-color.git,
supports-color,2.0.0,MIT,git+https://github.com/chalk/supports-color.git,
swig,1.4.2,MIT,git+ssh://git@github.com/paularmstrong/swig.git,
syntax-error,1.1.4,MIT,git://github.com/substack/node-syntax-error.git,
tape,2.3.3,MIT,git://github.com/substack/tape.git,
tar,0.1.20,BSD,git://github.com/isaacs/node-tar.git,
tar,1.0.3,BSD,git://github.com/isaacs/node-tar.git,
tar,2.1.1,ISC,git://github.com/isaacs/node-tar.git,
tar-fs,1.8.1,MIT,git+https://github.com/mafintosh/tar-fs.git,
tar-pack,2.0.0,BSD,git+https://github.com/ForbesLindesay/tar-pack.git,
tar-stream,1.1.5,MIT,git+https://github.com/mafintosh/tar-stream.git,
tar-stream,1.2.1,MIT,git+https://github.com/mafintosh/tar-stream.git,
temp,0.8.3,MIT,git://github.com/bruce/node-temp.git,
text-table,0.2.0,MIT,git://github.com/substack/text-table.git,
textextensions,1.0.1,MIT,git+ssh://git@github.com/bevry/textextensions.git,
throttleit,0.0.2,MIT,git://github.com/component/throttle.git,
through,2.3.8,package.json:MIT & LICENSE.APACHE2:Apache-2.0-appendix,git+https://github.com/dominictarr/through.git,
through2,0.4.2,MIT,git+https://github.com/rvagg/through2.git,
through2,0.5.1,MIT,git+https://github.com/rvagg/through2.git,
through2,0.6.5,MIT,git+https://github.com/rvagg/through2.git,
through2,1.1.1,MIT,git+https://github.com/rvagg/through2.git,
through2,2.0.0,MIT,git+https://github.com/rvagg/through2.git,
tildify,1.1.1,MIT,git+https://github.com/sindresorhus/tildify.git,
timed-out,2.0.0,MIT,git+https://github.com/floatdrop/timed-out.git,
timers-browserify,1.4.1,package.json:MIT & LICENSE.md:undefined,git://github.com/jryans/timers-browserify.git,
timers-ext,0.1.0,MIT,git://github.com/medikoo/timers-ext.git,
timespan,2.3.0,MIT,git+https://github.com/indexzero/TimeSpan.js.git,
tmp,0.0.24,MIT,git://github.com/raszi/node-tmp.git,
tmpl,1.0.4,BSD-3-Clause,git+https://github.com/daaku/nodejs-tmpl.git,
to-double-quotes,1.0.1,MIT,git+https://github.com/sindresorhus/to-double-quotes.git,
to-fast-properties,1.0.1,MIT,git+https://github.com/sindresorhus/to-fast-properties.git,
to-single-quotes,1.0.3,MIT,git+https://github.com/sindresorhus/to-single-quotes.git,
touch,0.0.3,ISC,git://github.com/isaacs/node-touch.git,
tough-cookie,0.12.1,package.json:MIT & LICENSE:undefined,git://github.com/goinstant/tough-cookie.git,
tough-cookie,2.0.0,package.json:BSD-3-Clause & LICENSE:undefined,git://github.com/SalesforceEng/tough-cookie.git,
traverse,0.3.9,MIT/X11,git://github.com/substack/js-traverse.git,
trim-right,1.0.1,MIT,git+https://github.com/sindresorhus/trim-right.git,
try-resolve,1.0.1,MIT,git+https://github.com/sebmck/try-resolve.git,
tryit,1.0.1,MIT,git+ssh://git@github.com/HenrikJoreteg/tryit.git,
tryor,0.1.2,MIT,git+https://github.com/olov/tryor.git,
tty-browserify,0.0.0,MIT,git://github.com/substack/tty-browserify.git,
tunnel-agent,0.4.1,Apache-2.0,git+https://github.com/mikeal/tunnel-agent.git,
type-check,0.3.1,MIT,git://github.com/gkz/type-check.git,
type-is,1.6.8,MIT,git+https://github.com/jshttp/type-is.git,
typedarray,0.0.6,MIT,git://github.com/substack/typedarray.git,
typedarray-to-buffer,3.0.4,MIT,git://github.com/feross/typedarray-to-buffer.git,
uglify-js,2.3.6,BSD-2,git+https://github.com/mishoo/UglifyJS2.git,
uglify-js,2.4.24,BSD,git+https://github.com/mishoo/UglifyJS2.git,
uglify-js,2.4.24,BSD,https://github.com/mishoo/UglifyJS2.git,
uglify-to-browserify,1.0.2,MIT,git+https://github.com/ForbesLindesay/uglify-to-browserify.git,
uid-number,0.0.3,BSD,git://github.com/isaacs/uid-number.git,
ultron,1.0.2,MIT,git+https://github.com/unshiftio/ultron.git,
umd,3.0.1,MIT,git+https://github.com/ForbesLindesay/umd.git,
underscore,1.8.3,MIT,git://github.com/jashkenas/underscore.git,
unique-stream,1.0.0,package.json:BSD & LICENSE:MIT,git+https://github.com/eugeneware/unique-stream.git,
unpipe,1.0.0,MIT,git+https://github.com/stream-utils/unpipe.git,
update-notifier,0.3.2,BSD,git+https://github.com/yeoman/update-notifier.git,
url,0.10.3,MIT,git+https://github.com/defunctzombie/node-url.git,
user-home,1.1.1,MIT,git+https://github.com/sindresorhus/user-home.git,
utf-8-validate,1.2.1,MIT,git+https://github.com/websockets/utf-8-validate.git,
util,0.10.3,MIT,git://github.com/defunctzombie/node-util.git,
util-deprecate,1.0.1,MIT,git://github.com/TooTallNate/util-deprecate.git,
utile,0.2.1,MIT,git+ssh://git@github.com/flatiron/utile.git,
utils-merge,1.0.0,MIT,git://github.com/jaredhanson/utils-merge.git,
uuid,2.0.1,undefined,git+https://github.com/shtylman/node-uuid.git,
v8flags,2.0.10,MIT,git://github.com/tkellen/node-v8flags.git,
vary,1.0.1,MIT,git+https://github.com/jshttp/vary.git,
video.js,4.12.15,Apache-2.0-appendix,git+https://github.com/videojs/video.js.git,
videojs-swf,4.7.5,Apache-2.0-appendix,git+https://github.com/videojs/video-js-swf.git,
vinyl,0.2.3,MIT,git://github.com/wearefractal/vinyl.git,
vinyl,0.4.6,MIT,git://github.com/wearefractal/vinyl.git,
vinyl,0.5.3,MIT,git://github.com/wearefractal/vinyl.git,
vinyl-buffer,1.0.0,MIT,git://github.com/hughsk/vinyl-buffer.git,
vinyl-bufferstream,1.0.1,MIT,git+https://github.com/shinnn/vinyl-bufferstream.git,
vinyl-fs,0.3.13,MIT,git://github.com/wearefractal/vinyl-fs.git,
vinyl-source-stream,1.1.0,MIT,git://github.com/hughsk/vinyl-source-stream.git,
vinyl-sourcemaps-apply,0.1.4,ISC,git://github.com/floridoo/vinyl-sourcemaps-apply.git,
vm-browserify,0.0.4,MIT,git+ssh://git@github.com/substack/vm-browserify.git,
vow,0.4.10,undefined,git+ssh://git@github.com/dfilatov/vow.git,
vow-fs,0.3.4,undefined,git+ssh://git@github.com/dfilatov/vow-fs.git,
vow-queue,0.4.2,MIT,git+ssh://git@github.com/dfilatov/vow-queue.git,
vtt.js,0.12.1,Apache-2.0,git+https://github.com/mozilla/vtt.js.git,
walker,1.0.7,Apache-2.0,git+https://github.com/daaku/nodejs-walker.git,
weak-map,1.0.5,Apache 2.0,git://github.com/drses/weak-map.git,
when,3.7.3,MIT,git+https://github.com/cujojs/when.git,
which,1.0.9,ISC,git://github.com/isaacs/node-which.git,
which,1.1.2,ISC,git://github.com/isaacs/node-which.git,
win-release,1.1.1,MIT,git+https://github.com/sindresorhus/win-release.git,
window-size,0.1.0,MIT,git+https://github.com/jonschlinkert/window-size.git,
window-size,0.1.2,MIT,git+https://github.com/jonschlinkert/window-size.git,
winston,0.8.0,MIT,git+https://github.com/flatiron/winston.git,
winston,0.8.3,MIT,git+https://github.com/flatiron/winston.git,
winston,1.0.1,MIT,git+https://github.com/winstonjs/winston.git,
wordwrap,0.0.2,MIT/X11,git://github.com/substack/node-wordwrap.git,
wordwrap,0.0.3,MIT,git://github.com/substack/node-wordwrap.git,
wrappy,1.0.1,ISC,git+https://github.com/npm/wrappy.git,
write,0.2.1,MIT,git+https://github.com/jonschlinkert/write.git,
ws,0.8.0,MIT,git://github.com/websockets/ws.git,
xdg-basedir,1.0.1,MIT,git+https://github.com/sindresorhus/xdg-basedir.git,
xml-escape,1.0.0,MIT License,git://github.com/miketheprogrammer/xml-escape.git,
xml2js,0.2.8,MIT,git+https://github.com/Leonidas-from-XIV/node-xml2js.git,
xml2js,0.4.12,MIT,git+https://github.com/Leonidas-from-XIV/node-xml2js.git,
xmlbuilder,0.4.2,MIT,git://github.com/oozcitak/xmlbuilder-js.git,
xmlbuilder,2.6.5,MIT,git://github.com/oozcitak/xmlbuilder-js.git,
xmlbuilder,3.0.0,MIT,git://github.com/oozcitak/xmlbuilder-js.git,
xtend,2.1.2,MIT,git://github.com/Raynos/xtend.git,
xtend,3.0.0,MIT,git://github.com/Raynos/xtend.git,
xtend,4.0.0,MIT,git://github.com/Raynos/xtend.git,
y18n,3.1.0,ISC,git+ssh://git@github.com/bcoe/y18n.git,
yargs,1.3.3,MIT/X11,git+ssh://git@github.com/chevex/yargs.git,
yargs,3.25.0,MIT,http://github.com/bcoe/yargs.git,
yargs,3.5.4,MIT/X11,git+ssh://git@github.com/bcoe/yargs.git,
zeroclipboard,2.2.0,MIT,git+https://github.com/zeroclipboard/zeroclipboard.git,
zip-stream,0.5.2,MIT,git+https://github.com/archiverjs/node-zip-stream.git,
